-- Skill categories (8)
INSERT INTO skill_categories (id, slug, name, sort_order) VALUES
    ('c1000000-0000-4000-8000-000000000001', 'programming-fundamentals', 'Programming Fundamentals', 1),
    ('c1000000-0000-4000-8000-000000000002', 'data-structures', 'Data Structures', 2),
    ('c1000000-0000-4000-8000-000000000003', 'algorithms', 'Algorithms', 3),
    ('c1000000-0000-4000-8000-000000000004', 'system-design', 'System Design', 4),
    ('c1000000-0000-4000-8000-000000000005', 'low-level-design', 'Low Level Design', 5),
    ('c1000000-0000-4000-8000-000000000006', 'behavioral', 'Behavioral', 6),
    ('c1000000-0000-4000-8000-000000000007', 'communication', 'Communication', 7),
    ('c1000000-0000-4000-8000-000000000008', 'problem-solving', 'Problem Solving', 8);

-- Skills (29)
INSERT INTO skills (id, category_id, slug, name, sort_order) VALUES
    ('b2000001-0000-4000-8000-000000000001', 'c1000000-0000-4000-8000-000000000001', 'programming-fundamentals', 'Programming Fundamentals', 1),
    ('b2000001-0000-4000-8000-000000000002', 'c1000000-0000-4000-8000-000000000002', 'arrays', 'Arrays', 1),
    ('b2000001-0000-4000-8000-000000000003', 'c1000000-0000-4000-8000-000000000002', 'strings', 'Strings', 2),
    ('b2000001-0000-4000-8000-000000000004', 'c1000000-0000-4000-8000-000000000002', 'hash-maps', 'Hash Maps', 3),
    ('b2000001-0000-4000-8000-000000000005', 'c1000000-0000-4000-8000-000000000002', 'linked-lists', 'Linked Lists', 4),
    ('b2000001-0000-4000-8000-000000000006', 'c1000000-0000-4000-8000-000000000002', 'stacks', 'Stacks', 5),
    ('b2000001-0000-4000-8000-000000000007', 'c1000000-0000-4000-8000-000000000002', 'queues', 'Queues', 6),
    ('b2000001-0000-4000-8000-000000000008', 'c1000000-0000-4000-8000-000000000002', 'trees', 'Trees', 7),
    ('b2000001-0000-4000-8000-000000000009', 'c1000000-0000-4000-8000-000000000002', 'graphs', 'Graphs', 8),
    ('b2000001-0000-4000-8000-000000000010', 'c1000000-0000-4000-8000-000000000002', 'heaps', 'Heaps', 9),
    ('b2000001-0000-4000-8000-000000000011', 'c1000000-0000-4000-8000-000000000003', 'recursion', 'Recursion', 1),
    ('b2000001-0000-4000-8000-000000000012', 'c1000000-0000-4000-8000-000000000003', 'binary-search', 'Binary Search', 2),
    ('b2000001-0000-4000-8000-000000000013', 'c1000000-0000-4000-8000-000000000003', 'greedy', 'Greedy', 3),
    ('b2000001-0000-4000-8000-000000000014', 'c1000000-0000-4000-8000-000000000003', 'dynamic-programming', 'Dynamic Programming', 4),
    ('b2000001-0000-4000-8000-000000000015', 'c1000000-0000-4000-8000-000000000003', 'sliding-window', 'Sliding Window', 5),
    ('b2000001-0000-4000-8000-000000000016', 'c1000000-0000-4000-8000-000000000004', 'system-design-fundamentals', 'System Design Fundamentals', 1),
    ('b2000001-0000-4000-8000-000000000017', 'c1000000-0000-4000-8000-000000000004', 'system-design-scaling', 'Scaling & Performance', 2),
    ('b2000001-0000-4000-8000-000000000018', 'c1000000-0000-4000-8000-000000000004', 'system-design-data', 'Data Modeling & Storage', 3),
    ('b2000001-0000-4000-8000-000000000019', 'c1000000-0000-4000-8000-000000000004', 'system-design-reliability', 'Reliability & Fault Tolerance', 4),
    ('b2000001-0000-4000-8000-000000000020', 'c1000000-0000-4000-8000-000000000005', 'lld-fundamentals', 'LLD Fundamentals', 1),
    ('b2000001-0000-4000-8000-000000000021', 'c1000000-0000-4000-8000-000000000005', 'lld-patterns', 'Design Patterns', 2),
    ('b2000001-0000-4000-8000-000000000022', 'c1000000-0000-4000-8000-000000000005', 'lld-oop', 'OOP & SOLID', 3),
    ('b2000001-0000-4000-8000-000000000023', 'c1000000-0000-4000-8000-000000000006', 'behavioral-star', 'STAR Framework', 1),
    ('b2000001-0000-4000-8000-000000000024', 'c1000000-0000-4000-8000-000000000006', 'behavioral-leadership', 'Leadership & Ownership', 2),
    ('b2000001-0000-4000-8000-000000000025', 'c1000000-0000-4000-8000-000000000006', 'behavioral-conflict', 'Conflict & Failure Stories', 3),
    ('b2000001-0000-4000-8000-000000000026', 'c1000000-0000-4000-8000-000000000007', 'communication-clarity', 'Technical Clarity', 1),
    ('b2000001-0000-4000-8000-000000000027', 'c1000000-0000-4000-8000-000000000007', 'communication-structure', 'Structured Responses', 2),
    ('b2000001-0000-4000-8000-000000000028', 'c1000000-0000-4000-8000-000000000008', 'problem-solving', 'Problem Solving', 1),
    ('b2000001-0000-4000-8000-000000000029', 'c1000000-0000-4000-8000-000000000008', 'debugging', 'Debugging', 2);

-- Subskills: Foundation Forest (arrays, strings, hash-maps, trees)
INSERT INTO subskills (id, skill_id, slug, name, sort_order) VALUES
    ('c3000001-0000-4000-8000-000000000001', 'b2000001-0000-4000-8000-000000000002', 'arrays-traversal', 'Traversal', 1),
    ('c3000001-0000-4000-8000-000000000002', 'b2000001-0000-4000-8000-000000000002', 'arrays-two-pointers', 'Two Pointers', 2),
    ('c3000001-0000-4000-8000-000000000003', 'b2000001-0000-4000-8000-000000000002', 'arrays-sliding-window', 'Sliding Window', 3),
    ('c3000001-0000-4000-8000-000000000004', 'b2000001-0000-4000-8000-000000000002', 'arrays-prefix-sum', 'Prefix Sum', 4),
    ('c3000001-0000-4000-8000-000000000005', 'b2000001-0000-4000-8000-000000000002', 'arrays-hash-lookup', 'Hash-Based Lookup', 5),
    ('c3000001-0000-4000-8000-000000000006', 'b2000001-0000-4000-8000-000000000003', 'strings-manipulation', 'Manipulation', 1),
    ('c3000001-0000-4000-8000-000000000007', 'b2000001-0000-4000-8000-000000000003', 'strings-pattern-matching', 'Pattern Matching', 2),
    ('c3000001-0000-4000-8000-000000000008', 'b2000001-0000-4000-8000-000000000003', 'strings-two-pointers', 'Two Pointers', 3),
    ('c3000001-0000-4000-8000-000000000009', 'b2000001-0000-4000-8000-000000000003', 'strings-sliding-window', 'Sliding Window', 4),
    ('c3000001-0000-4000-8000-000000000010', 'b2000001-0000-4000-8000-000000000004', 'hash-maps-frequency', 'Frequency Counting', 1),
    ('c3000001-0000-4000-8000-000000000011', 'b2000001-0000-4000-8000-000000000004', 'hash-maps-lookup', 'Lookup & Deduplication', 2),
    ('c3000001-0000-4000-8000-000000000012', 'b2000001-0000-4000-8000-000000000004', 'hash-maps-nested', 'Nested / Composite Keys', 3),
    ('c3000001-0000-4000-8000-000000000013', 'b2000001-0000-4000-8000-000000000008', 'trees-traversal-dfs', 'DFS Traversal', 1),
    ('c3000001-0000-4000-8000-000000000014', 'b2000001-0000-4000-8000-000000000008', 'trees-traversal-bfs', 'BFS Traversal', 2),
    ('c3000001-0000-4000-8000-000000000015', 'b2000001-0000-4000-8000-000000000008', 'trees-bst', 'BST Operations', 3),
    ('c3000001-0000-4000-8000-000000000016', 'b2000001-0000-4000-8000-000000000008', 'trees-recursion', 'Recursive Tree Problems', 4);

-- Subskills: graphs, dynamic programming
INSERT INTO subskills (id, skill_id, slug, name, sort_order) VALUES
    ('c3000002-0000-4000-8000-000000000001', 'b2000001-0000-4000-8000-000000000009', 'graphs-bfs-dfs', 'BFS / DFS', 1),
    ('c3000002-0000-4000-8000-000000000002', 'b2000001-0000-4000-8000-000000000009', 'graphs-shortest-path', 'Shortest Path', 2),
    ('c3000002-0000-4000-8000-000000000003', 'b2000001-0000-4000-8000-000000000009', 'graphs-topological', 'Topological Sort', 3),
    ('c3000002-0000-4000-8000-000000000004', 'b2000001-0000-4000-8000-000000000009', 'graphs-union-find', 'Union Find', 4),
    ('c3000002-0000-4000-8000-000000000005', 'b2000001-0000-4000-8000-000000000014', 'dp-1d', '1D DP', 1),
    ('c3000002-0000-4000-8000-000000000006', 'b2000001-0000-4000-8000-000000000014', 'dp-2d', '2D DP', 2),
    ('c3000002-0000-4000-8000-000000000007', 'b2000001-0000-4000-8000-000000000014', 'dp-state-machine', 'State Machine', 3),
    ('c3000002-0000-4000-8000-000000000008', 'b2000001-0000-4000-8000-000000000014', 'dp-interval', 'Interval DP', 4);

-- Subskills: system design
INSERT INTO subskills (id, skill_id, slug, name, sort_order) VALUES
    ('c3000003-0000-4000-8000-000000000001', 'b2000001-0000-4000-8000-000000000016', 'sd-fundamentals-requirements', 'Requirements', 1),
    ('c3000003-0000-4000-8000-000000000002', 'b2000001-0000-4000-8000-000000000016', 'sd-fundamentals-api-design', 'API Design', 2),
    ('c3000003-0000-4000-8000-000000000003', 'b2000001-0000-4000-8000-000000000016', 'sd-fundamentals-estimation', 'Estimation', 3),
    ('c3000003-0000-4000-8000-000000000004', 'b2000001-0000-4000-8000-000000000017', 'sd-scaling-caching', 'Caching', 1),
    ('c3000003-0000-4000-8000-000000000005', 'b2000001-0000-4000-8000-000000000017', 'sd-scaling-sharding', 'Sharding', 2),
    ('c3000003-0000-4000-8000-000000000006', 'b2000001-0000-4000-8000-000000000017', 'sd-scaling-load-balancing', 'Load Balancing', 3),
    ('c3000003-0000-4000-8000-000000000007', 'b2000001-0000-4000-8000-000000000018', 'sd-data-sql-nosql', 'SQL vs NoSQL', 1),
    ('c3000003-0000-4000-8000-000000000008', 'b2000001-0000-4000-8000-000000000018', 'sd-data-indexing', 'Indexing', 2),
    ('c3000003-0000-4000-8000-000000000009', 'b2000001-0000-4000-8000-000000000018', 'sd-data-consistency', 'Consistency', 3),
    ('c3000003-0000-4000-8000-000000000010', 'b2000001-0000-4000-8000-000000000019', 'sd-reliability-replication', 'Replication', 1),
    ('c3000003-0000-4000-8000-000000000011', 'b2000001-0000-4000-8000-000000000019', 'sd-reliability-circuit-breakers', 'Circuit Breakers', 2),
    ('c3000003-0000-4000-8000-000000000012', 'b2000001-0000-4000-8000-000000000019', 'sd-reliability-idempotency', 'Idempotency', 3);

-- Subskills: behavioral
INSERT INTO subskills (id, skill_id, slug, name, sort_order) VALUES
    ('c3000004-0000-4000-8000-000000000001', 'b2000001-0000-4000-8000-000000000023', 'behavioral-star-situation', 'Situation', 1),
    ('c3000004-0000-4000-8000-000000000002', 'b2000001-0000-4000-8000-000000000023', 'behavioral-star-task', 'Task', 2),
    ('c3000004-0000-4000-8000-000000000003', 'b2000001-0000-4000-8000-000000000023', 'behavioral-star-action', 'Action', 3),
    ('c3000004-0000-4000-8000-000000000004', 'b2000001-0000-4000-8000-000000000023', 'behavioral-star-result', 'Result', 4),
    ('c3000004-0000-4000-8000-000000000005', 'b2000001-0000-4000-8000-000000000024', 'behavioral-leadership-ownership', 'Ownership', 1),
    ('c3000004-0000-4000-8000-000000000006', 'b2000001-0000-4000-8000-000000000024', 'behavioral-leadership-influence', 'Influence', 2),
    ('c3000004-0000-4000-8000-000000000007', 'b2000001-0000-4000-8000-000000000024', 'behavioral-leadership-mentorship', 'Mentorship', 3),
    ('c3000004-0000-4000-8000-000000000008', 'b2000001-0000-4000-8000-000000000025', 'behavioral-conflict-disagreement', 'Disagreement', 1),
    ('c3000004-0000-4000-8000-000000000009', 'b2000001-0000-4000-8000-000000000025', 'behavioral-conflict-failure', 'Failure', 2),
    ('c3000004-0000-4000-8000-000000000010', 'b2000001-0000-4000-8000-000000000025', 'behavioral-conflict-recovery', 'Recovery', 3);

-- Subskills: LLD
INSERT INTO subskills (id, skill_id, slug, name, sort_order) VALUES
    ('c3000005-0000-4000-8000-000000000001', 'b2000001-0000-4000-8000-000000000022', 'lld-oop-encapsulation', 'Encapsulation', 1),
    ('c3000005-0000-4000-8000-000000000002', 'b2000001-0000-4000-8000-000000000022', 'lld-oop-inheritance', 'Inheritance', 2),
    ('c3000005-0000-4000-8000-000000000003', 'b2000001-0000-4000-8000-000000000022', 'lld-oop-composition', 'Composition', 3),
    ('c3000005-0000-4000-8000-000000000004', 'b2000001-0000-4000-8000-000000000021', 'lld-patterns-factory', 'Factory', 1),
    ('c3000005-0000-4000-8000-000000000005', 'b2000001-0000-4000-8000-000000000021', 'lld-patterns-observer', 'Observer', 2),
    ('c3000005-0000-4000-8000-000000000006', 'b2000001-0000-4000-8000-000000000021', 'lld-patterns-strategy', 'Strategy', 3),
    ('c3000005-0000-4000-8000-000000000007', 'b2000001-0000-4000-8000-000000000021', 'lld-patterns-singleton', 'Singleton', 4);

-- Default subskills for skills without detailed taxonomy (backfill targets)
INSERT INTO subskills (id, skill_id, slug, name, sort_order) VALUES
    ('c3000006-0000-4000-8000-000000000001', 'b2000001-0000-4000-8000-000000000001', 'programming-fundamentals-core', 'Core Concepts', 1),
    ('c3000006-0000-4000-8000-000000000002', 'b2000001-0000-4000-8000-000000000005', 'linked-lists-fundamentals', 'Fundamentals', 1),
    ('c3000006-0000-4000-8000-000000000003', 'b2000001-0000-4000-8000-000000000006', 'stacks-fundamentals', 'Fundamentals', 1),
    ('c3000006-0000-4000-8000-000000000004', 'b2000001-0000-4000-8000-000000000007', 'queues-fundamentals', 'Fundamentals', 1),
    ('c3000006-0000-4000-8000-000000000005', 'b2000001-0000-4000-8000-000000000010', 'heaps-fundamentals', 'Fundamentals', 1),
    ('c3000006-0000-4000-8000-000000000006', 'b2000001-0000-4000-8000-000000000011', 'recursion-fundamentals', 'Fundamentals', 1),
    ('c3000006-0000-4000-8000-000000000007', 'b2000001-0000-4000-8000-000000000012', 'binary-search-fundamentals', 'Fundamentals', 1),
    ('c3000006-0000-4000-8000-000000000008', 'b2000001-0000-4000-8000-000000000013', 'greedy-fundamentals', 'Fundamentals', 1),
    ('c3000006-0000-4000-8000-000000000009', 'b2000001-0000-4000-8000-000000000015', 'sliding-window-fundamentals', 'Fundamentals', 1),
    ('c3000006-0000-4000-8000-000000000010', 'b2000001-0000-4000-8000-000000000020', 'lld-fundamentals-core', 'Core Concepts', 1),
    ('c3000006-0000-4000-8000-000000000011', 'b2000001-0000-4000-8000-000000000026', 'communication-clarity-core', 'Core Concepts', 1),
    ('c3000006-0000-4000-8000-000000000012', 'b2000001-0000-4000-8000-000000000027', 'communication-structure-core', 'Core Concepts', 1),
    ('c3000006-0000-4000-8000-000000000013', 'b2000001-0000-4000-8000-000000000028', 'problem-solving-core', 'Core Concepts', 1),
    ('c3000006-0000-4000-8000-000000000014', 'b2000001-0000-4000-8000-000000000029', 'debugging-core', 'Core Concepts', 1);
